"SUMA EXPRESS FUENLABRADA","","","","","","","","","","","","","","","",""
"Calle Almeania 4 LOCAL","","","","","","","","","","","","","","","",""
"CP:","28943","","","","","","","","","","","","","","",""
"Telf:","932924824","","","","","","","","","","","","","","",""
"Web:","","","","","","","","","","","","","","","",""
"Email:","","","","","","","","","","","","","","","",""
"Infome Artículos Activos Con Stock Negativo","","","","","","","","","","","","","","","",""
"Sección:","","Familia:","","","","","","","","","","","","","",""
"","","","","","","","","","","","","","","","",""
"Código","Descripción","","Stock Fís.","","Punto Ped.","","Stock Obj.","Sección","","Dscr. Sección","","Familia","Dscr. Familia","","",""
"055544","DETERG.ARIEL BASICO LIQ.2X60D 120D","","-1","","1","","1","A3 ","","PERF/DROG/BAZAR","","A5 ","DETERGENTES ROPA","","",""
"096256","DETERG.ARIEL PODS 18D","","-1","","1","","3","A3 ","","PERF/DROG/BAZAR","","A5 ","DETERGENTES ROPA","","",""
"218189","DETERG. DIXAN GEL 55D","","-2","","1","","3","A3 ","","PERF/DROG/BAZAR","","A5 ","DETERGENTES ROPA","","",""
"007299","ANTIPOLILLAS ORION BOLAS 20U","","-4","","3","","32","A3 ","","PERF/DROG/BAZAR","","BC ","INSECTICIDAS PARA EL HOGAR","","",""
"010627","INSECT.MICAL CUCA.400ML","","-2","","3","","15","A3 ","","PERF/DROG/BAZAR","","BC ","INSECTICIDAS PARA EL HOGAR","","",""
"206091","INSECT.CUCAL CEBO CUCA.6U","","-1","","2","","12","A3 ","","PERF/DROG/BAZAR","","BC ","INSECTICIDAS PARA EL HOGAR","","",""
"213722","INSECT.MICAL ELEC.S/OLOR REC.33ML","","-5","","4","","24","A3 ","","PERF/DROG/BAZAR","","BC ","INSECTICIDAS PARA EL HOGAR","","",""
"050529","AMBIENT.A.WICK NENUCO ELEC.REC.","","-2","","2","","6","A3 ","","PERF/DROG/BAZAR","","BD ","AMBIENTADORES","","",""
"060538","AMBIENT.A.WICK FM DEL.VERANO REC","","-2","","2","","6","A3 ","","PERF/DROG/BAZAR","","BD ","AMBIENTADORES","","",""
"094566","CHAMPU MICADERM CAB.TEÑIDO 500ML","","-2","","2","","6","A3 ","","PERF/DROG/BAZAR","","BH ","PRODUCTOS CAPILARES","","",""
"214716","CHAMPU H&S CITRUS 510ML","","-1","","2","","6","A3 ","","PERF/DROG/BAZAR","","BH ","PRODUCTOS CAPILARES","","",""
"037669","LECHE CORPORAL MICADERM ALOE 400ML","","-1","","3","","10","A3 ","","PERF/DROG/BAZAR","","BM ","PRODUCTOS CORPORALES","","",""
"074572","PAÑUELO MICADERM MINI 10U P-15","","-8","","6","","20","A3 ","","PERF/DROG/BAZAR","","BR ","DESECHABLES PERFUMERIA E ","","",""
"083917","CHOCO.MILKA CHIPS AHOY 100G","","-16","","4","","22","AQ ","","ALIM. Y BEBIDAS","","I6 ","CHOCOLATES","","",""
"202948","CHOCO.VALOR LECHE ALM.S/AZUC.150G","","-9","","3","","5","AQ ","","ALIM. Y BEBIDAS","","I6 ","CHOCOLATES","","",""
"207421","SNACK SNICKERS CHOCO.MP-3U","","-16","","4","","17","AQ ","","ALIM. Y BEBIDAS","","I6 ","CHOCOLATES","","",""
"213601","CHOCO.NESTLE JUNGLY WHITE 125G","","-1","","4","","18","AQ ","","ALIM. Y BEBIDAS","","I6 ","CHOCOLATES","","",""
"8000181","AZUCAR AZUCARERA 1K","","-6","","5","","10","AQ ","","ALIM. Y BEBIDAS","","I8 ","AZÚCAR Y EDULCORANTES","","",""
"030447","SCHWEPPES LIMON LATA 33CL","","-6","","8","","24","AQ ","","ALIM. Y BEBIDAS","","J2 ","BEBIDAS REFRESCANTES","","",""
"Infome Artículos Activos Con Stock Negativo","","","","","","","","","","","","","","","",""
"Sección:","","Familia:","","","","","","","","","","","","","",""
"","","","","","","","","","","","","","","","",""
"Código","Descripción","","Stock Fís.","","Punto Ped.","","Stock Obj.","Sección","","Dscr. Sección","","Familia","Dscr. Familia","","",""
"030458","COCACOLA LATA 33CL","","-20","","24","","48","AQ ","","ALIM. Y BEBIDAS","","J2 ","BEBIDAS REFRESCANTES","","",""
"033236","BEB.ENERG.MONSTER ENERGY 50CL","","-10","","8","","24","AQ ","","ALIM. Y BEBIDAS","","J2 ","BEBIDAS REFRESCANTES","","",""
"045127","COCACOLA ZERO ZERO PET 2L","","-3","","4","","6","AQ ","","ALIM. Y BEBIDAS","","J2 ","BEBIDAS REFRESCANTES","","",""
"047093","TONICA SCHWEPPES LATA 25CL","","-21","","8","","24","AQ ","","ALIM. Y BEBIDAS","","J2 ","BEBIDAS REFRESCANTES","","",""
"081989","BEB.ENERG.MONSTER WHITE 50CL","","-9","","8","","24","AQ ","","ALIM. Y BEBIDAS","","J2 ","BEBIDAS REFRESCANTES","","",""
"210795","PEPSI ZERO PET 1,75L","","-5","","3","","6","AQ ","","ALIM. Y BEBIDAS","","J2 ","BEBIDAS REFRESCANTES","","",""
"218617","RED BULL BAYA JUNIO LATA 25CL","","-4","","8","","24","AQ ","","ALIM. Y BEBIDAS","","J2 ","BEBIDAS REFRESCANTES","","",""
"029678","NECTAR JUVER DISFRUTA NARAN.EXPR.2L","","-9","","3","","6","AQ ","","ALIM. Y BEBIDAS","","J3 ","ZUMOS","","",""
"058337","ZUMO D.SIMON FUNC.FRE./PLA.200MLP-6","","-3","","3","","5","AQ ","","ALIM. Y BEBIDAS","","J3 ","ZUMOS","","",""
"061150","ZUMO JUVER MANZ.100% BRICK 1L","","-3","","3","","12","AQ ","","ALIM. Y BEBIDAS","","J3 ","ZUMOS","","",""
"023825","CERVEZA E.GALICIA LATA 33CL 5.5º","","-5","","12","","24","AQ ","","ALIM. Y BEBIDAS","","J4 ","CERVEZAS","","",""
"030175","CERVEZA MAHOU CLAS.LATA 50CL","","-18","","12","","24","AQ ","","ALIM. Y BEBIDAS","","J4 ","CERVEZAS","","",""
"030176","CERVEZA MAHOU CLAS.1L 4.8º","","-6","","6","","12","AQ ","","ALIM. Y BEBIDAS","","J4 ","CERVEZAS","","",""
"030214","CERVEZA MAHOU CLAS.33CL 4.8º","","-1454","","24","","48","AQ ","","ALIM. Y BEBIDAS","","J4 ","CERVEZAS","","",""
"203402","CERVEZA S.MIGUEL MAGNA LA.33CL 5.7º","","-2","","8","","24","AQ ","","ALIM. Y BEBIDAS","","J4 ","CERVEZAS","","",""
"206578","CERVEZA MAHOU CL.LAT.33CL P-12 4.8º","","-44","","2","","4","AQ ","","ALIM. Y BEBIDAS","","J4 ","CERVEZAS","","",""
"048659","TINTO VERANO LA CASERA LIMON 33CL8º","","-9","","12","","24","AQ ","","ALIM. Y BEBIDAS","","J5 ","VINOS","","",""
"088540","VINO CORTIJANO RIOJA TTO.75CL 14.5º","","-3","","2","","6","AQ ","","ALIM. Y BEBIDAS","","J5 ","VINOS","","",""
"216265","VINO D.SIMON BCO.18,7CL P-3  11.5º","","-16","","3","","7","AQ ","","ALIM. Y BEBIDAS","","J5 ","VINOS","","",""
"045222","WHISKY J.WALKER RED T.I.70CL 40º","","-2","","2","","6","AQ ","","ALIM. Y BEBIDAS","","J7 ","ALCOHÓLICAS ALTA GRADUACIÓN","","",""
"006932","KETCHUP GOURMET 300G","","-1","","3","","6","AQ ","","ALIM. Y BEBIDAS","","JA ","SALSAS","","",""
"008340","TOMATE GOURMET FRITO FCO.350G","","-4","","5","","12","AQ ","","ALIM. Y BEBIDAS","","JA ","SALSAS","","",""
"8000861","VINAGRE GOURMET BCO.1L","","-3","","4","","6","AQ ","","ALIM. Y BEBIDAS","","JB ","SAL, VINAGRE Y ESPECIAS","","",""
"007018","GALL.PRINCIPE BEUKELAER 300G 3+1U","","-1","","2","","6","AQ ","","ALIM. Y BEBIDAS","","JD ","GALLETAS","","",""
"Infome Artículos Activos Con Stock Negativo","","","","","","","","","","","","","","","",""
"Sección:","","Familia:","","","","","","","","","","","","","",""
"","","","","","","","","","","","","","","","",""
"Código","Descripción","","Stock Fís.","","Punto Ped.","","Stock Obj.","Sección","","Dscr. Sección","","Familia","Dscr. Familia","","",""
"016823","GALL.GOURMET CHOCO.NEG 150G","","-2","","4","","12","AQ ","","ALIM. Y BEBIDAS","","JD ","GALLETAS","","",""
"023033","GALL.FONTANEDA BUENA MARIA 707G","","-1","","3","","6","AQ ","","ALIM. Y BEBIDAS","","JD ","GALLETAS","","",""
"048365","GALL.OREO 220G","","-1","","3","","12","AQ ","","ALIM. Y BEBIDAS","","JD ","GALLETAS","","",""
"068838","GALL.GOURMET BARQUILLO COCO 200G","","-1","","5","","26","AQ ","","ALIM. Y BEBIDAS","","JD ","GALLETAS","","",""
"214378","CEREAL GOURMET RELL.LECHE 500G","","-1","","3","","14","AQ ","","ALIM. Y BEBIDAS","","JE ","CEREALES DESAYUNO","","",""
"085423","CROISSANT GOURMET 400G","","-4","","3","","6","AQ ","","ALIM. Y BEBIDAS","","JF ","PASTELERÍA Y BOLLERÍA ","","",""
"209938","PAN GOURMET MOLDE 15 CEREA.675G","","-2","","3","","7","AQ ","","ALIM. Y BEBIDAS","","JG ","PANADERÍA INDUSTRIAL","","",""
"032792","PASTA GOURMET FIDEO Nº0 ANGEL 500G","","-1","","6","","18","AQ ","","ALIM. Y BEBIDAS","","JH ","PASTAS","","",""
"035399","PASTA GALLO FIDEO Nº0 450G","","-4","","6","","18","AQ ","","ALIM. Y BEBIDAS","","JH ","PASTAS","","",""
"044854","CALDO G.BLANCA NAT.CARNE 1L","","-1","","3","","12","AQ ","","ALIM. Y BEBIDAS","","JK ","SOPAS, CALDOS Y PURES","","",""
"8000691","CALDO G.BLANCA CASER.POLLO NAT.1L","","-67","","3","","12","AQ ","","ALIM. Y BEBIDAS","","JK ","SOPAS, CALDOS Y PURES","","",""
"079508","PRINGLES ORIG.165G","","-44","","4","","19","AQ ","","ALIM. Y BEBIDAS","","JL ","PATATAS FRITAS , CORTEZAS Y OT","","",""
"079510","PRINGLES PAPRIKA 165G","","-15","","4","","19","AQ ","","ALIM. Y BEBIDAS","","JL ","PATATAS FRITAS , CORTEZAS Y OT","","",""
"079513","PRINGLES JAMON 165G","","-14","","4","","19","AQ ","","ALIM. Y BEBIDAS","","JL ","PATATAS FRITAS , CORTEZAS Y OT","","",""
"026514","PASA GOURMET SULTANA 250G","","-1","","3","","8","AQ ","","ALIM. Y BEBIDAS","","JM ","FRUTOS SECOS Y FRUTA SECA","","",""
"026519","COCTEL GOURMET F.SECOS 250G","","-2","","4","","8","AQ ","","ALIM. Y BEBIDAS","","JM ","FRUTOS SECOS Y FRUTA SECA","","",""
"213219","COMIDA GATO MIC&FR.ESTERIL.1,5K","","-3","","2","","8","AQ ","","ALIM. Y BEBIDAS","","JN ","ALIMENTOS ANIMALES","","",""
"211075","MEJILLON CUCA ESCAB. 10/14 RO-120","","-1","","2","","3","AQ ","","ALIM. Y BEBIDAS","","JQ ","CONSERVAS DE PESCADO Y ","","",""
"208983","MERMELADA LA V.FABRICA ALBAR.280G","","-1","","4","","8","AQ ","","ALIM. Y BEBIDAS","","JS ","CONSERVAS DE FRUTAS Y ","","",""
"009621","SALSA DE AJI BOTE 200ML","","-5","","3","","6","AQ ","","ALIM. Y BEBIDAS","","JU ","PLATOS PREP. EN CONSERVA Y ","","",""
"010370","AGUA COCO GOYA 350ML","","-116","","8","","24","AQ ","","ALIM. Y BEBIDAS","","JU ","PLATOS PREP. EN CONSERVA Y ","","",""
"033450","NACHOS ZANUY C/SAL 200G","","-6","","4","","20","AQ ","","ALIM. Y BEBIDAS","","JU ","PLATOS PREP. EN CONSERVA Y ","","",""
"206593","ALUBIA GOURMET PINTA CDA.FCO.400G","","-4","","3","","12","AQ ","","ALIM. Y BEBIDAS","","JU ","PLATOS PREP. EN CONSERVA Y ","","",""
"600984","FABADA ASTURIANA CARRETILLA","","-12","","0","","0","AQ ","","ALIM. Y BEBIDAS","","JU ","PLATOS PREP. EN CONSERVA Y ","","",""
"Infome Artículos Activos Con Stock Negativo","","","","","","","","","","","","","","","",""
"Sección:","","Familia:","","","","","","","","","","","","","",""
"","","","","","","","","","","","","","","","",""
"Código","Descripción","","Stock Fís.","","Punto Ped.","","Stock Obj.","Sección","","Dscr. Sección","","Familia","Dscr. Familia","","",""
"013171","ACEITUNA GOURMET GAZPACHADA 500G","","-3","","3","","6","AQ ","","ALIM. Y BEBIDAS","","JV ","ACEITUNAS Y ENCURTIDOS ","","",""
"218258","BEBIDA ALPRO ALM.S/AZUC.1L","","-2","","6","","6","AQ ","","ALIM. Y BEBIDAS","","JW ","LECHE LÍQUIDA","","",""
"8000001","LECHE ASTURIANA SEMI 1,5L","","-59","","8","","12","AQ ","","ALIM. Y BEBIDAS","","JW ","LECHE LÍQUIDA","","",""
"8000011","LECHE ASTURIANA ENT.1,5L","","-27","","8","","12","AQ ","","ALIM. Y BEBIDAS","","JW ","LECHE LÍQUIDA","","",""
"8000021","LECHE ASTURIANA ENT.BRICK 1L","","-21","","12","","18","AQ ","","ALIM. Y BEBIDAS","","JW ","LECHE LÍQUIDA","","",""
"8000031","LECHE ASTURIANA SEMI BRICK 1L","","-29","","12","","18","AQ ","","ALIM. Y BEBIDAS","","JW ","LECHE LÍQUIDA","","",""
"030967","HUEVO L 63-73G 6 U.","","-4","","9","","20","AC","","CARNE","","KF ","HUEVOS","","",""
"600799","MORTADELA CON ACEITUNAS CAMPOFRIO ","","-124","","0","","0","AD ","","CHARCUTERIA","","KO ","FIAMBRES","","",""
"096090","MINI STICK FUET CAMPOFRIO 50G/R","","-116","","6","","12","AD ","","CHARCUTERIA","","KS ","FUET","","",""
"SUMA EXPRESS FUENLABRADA","","","","","","","","","","","","","","","",""
"Calle Almeania 4 LOCAL","","","","","","","","","","","","","","","",""
"CP:","28943","","","","","","","","","","","","","","",""
"Telf:","932924824","","","","","","","","","","","","","","",""
"Web:","","","","","","","","","","","","","","","",""
"Email:","","","","","","","","","","","","","","","",""
"Infome Artículos Con Stock a Cero","","","","","","","","","","","","","","","",""
"","","","","","","","","","","","","","","","",""
"","","","","","","","","","","","","","","","",""
"Código","Descripción","","Stock Físico","","Stcok Pend.","Familia","","Dscr. Familia","","","","","","","",""
"002730","DETERG.MICAL POLVO MALETA ","","0","","0","A5 ","","DETERGENTES ROPA","","","","","","","",""
"040878","DETERG.WIPP GEL 28D","","0","","0","A5 ","","DETERGENTES ROPA","","","","","","","",""
"219771","DETERG.DIXAN POLVO 39D","","0","","0","A5 ","","DETERGENTES ROPA","","","","","","","",""
"207672","ACTIVADOR MICAL LAVADO OXIMAX ","","0","","0","A6 ","","COMPLEMENTOS TRATAMIENTO ","","","","","","","",""
"002211","ABRILL.FINISH 500ML","","0","","0","A8 ","","LAVAVAJILLAS","","","","","","","",""
"044962","LAVAV.FINISH PAST.TODO EN 1 ","","0","","0","A8 ","","LAVAVAJILLAS","","","","","","","",""
"217894","LAVAV. MICAL PAST.TODO EN 1 30U","","0","","0","A8 ","","LAVAVAJILLAS","","","","","","","",""
"006301","LEJIA MICAL 1L","","0","","0","A9 ","","LEJIAS Y DESINFECTANTES","","","","","","","",""
"006154","LIMPIACRISTAL CRISTASOL ","","0","","0","BA ","","LIMPIADORES DEL HOGAR","","","","","","","",""
"007372","LIMPIADOR PRONTO ","","0","","0","BA ","","LIMPIADORES DEL HOGAR","","","","","","","",""
"007535","LIMPIAD.KH7 DESINF.BAÑO ","","0","","0","BA ","","LIMPIADORES DEL HOGAR","","","","","","","",""
"007541","LIMPIADOR PATO WC VERDE 750ML","","0","","0","BA ","","LIMPIADORES DEL HOGAR","","","","","","","",""
"210844","LIMPIADOR BREF WC OCEANO 1U","","0","","0","BA ","","LIMPIADORES DEL HOGAR","","","","","","","",""
"218230","LIMPIADOR TENN ALOE V.1,3L","","0","","0","BA ","","LIMPIADORES DEL HOGAR","","","","","","","",""
"006665","FREGONA MICAL AZUL TIRAS REC.","","0","","0","BB ","","ÚTILES DE LIMPIEZA","","","","","","","",""
"048579","INSECT.RAID HOGAR INTERIOR ","","0","","0","BC ","","INSECTICIDAS PARA EL HOGAR","","","","","","","",""
"215486","INSECT.C.JARDIN LAVANDA 800ML","","0","","0","BC ","","INSECTICIDAS PARA EL HOGAR","","","","","","","",""
"006787","PAPEL HIG.NICKY 2C. 12U","","0","","0","BG ","","CELULOSAS HOGAR","","","","","","","",""
"215748","PAPEL HIG.MICADERM 3C 12U","","0","","0","BG ","","CELULOSAS HOGAR","","","","","","","",""
"011744","CHAMPU H&S MENTOL 235ML+15ML","","0","","0","BH ","","PRODUCTOS CAPILARES","","","","","","","",""
"011746","CHAMPU H&S CITRUS 235ML+15ML","","0","","0","BH ","","PRODUCTOS CAPILARES","","","","","","","",""
"029508","MASCAR.PANTENE REPAR.PROTEC. ","","0","","0","BH ","","PRODUCTOS CAPILARES","","","","","","","",""
"037692","MASCAR.MICADERM CAB.SECO ","","0","","0","BH ","","PRODUCTOS CAPILARES","","","","","","","",""
"037693","MASCAR.MICADERM CAB.RIZADO ","","0","","0","BH ","","PRODUCTOS CAPILARES","","","","","","","",""
"061416","CHAMPU PANTENE CLAS.225ML","","0","","0","BH ","","PRODUCTOS CAPILARES","","","","","","","",""
"061418","CHAMPU PANTENE ","","0","","0","BH ","","PRODUCTOS CAPILARES","","","","","","","",""
"061423","CHAMPU PANTENE RIZOS 225ML","","0","","0","BH ","","PRODUCTOS CAPILARES","","","","","","","",""
"061424","CHAMPU PANTENE ANTICASPA ","","0","","0","BH ","","PRODUCTOS CAPILARES","","","","","","","",""
"061968","CHAMPU ELVIVE COLOR VIVE 370ML","","0","","0","BH ","","PRODUCTOS CAPILARES","","","","","","","",""
"080929","CHAMPU FRUCTIS NOR.360ML","","0","","0","BH ","","PRODUCTOS CAPILARES","","","","","","","",""
"082659","LACA NELLY NOR.400ML","","0","","0","BH ","","PRODUCTOS CAPILARES","","","","","","","",""
"094568","CHAMPU MICADERM CAB.SECO ","","0","","0","BH ","","PRODUCTOS CAPILARES","","","","","","","",""
"094569","CHAMPU MICADERM PRO-V ","","0","","0","BH ","","PRODUCTOS CAPILARES","","","","","","","",""
"215819","GEL GIORGI EXT.FUERTE 170ML","","0","","0","BH ","","PRODUCTOS CAPILARES","","","","","","","",""
"215830","GEL GIORGI FIJADOR CONTROL ","","0","","0","BH ","","PRODUCTOS CAPILARES","","","","","","","",""
"viernes, 12 de septiembre de 2025","","","","","","","","Página","1","","","","","","",""
"Infome Artículos Con Stock a Cero","","","","","","","","","","","","","","","",""
"","","","","","","","","","","","","","","","",""
"","","","","","","","","","","","","","","","",""
"Código","Descripción","","Stock Físico","","Stcok Pend.","Familia","","Dscr. Familia","","","","","","","",""
"219948","CHAMPU MICADERM ANTICASPA ","","0","","0","BH ","","PRODUCTOS CAPILARES","","","","","","","",""
"002910","GEL GILLETTE AFEI.CALM.SP.200ML","","0","","0","BK ","","PRODUCTOS DE AFEITADO","","","","","","","",""
"003638","ESPUMA GILLETTE PIEL SENS.200ML","","0","","0","BK ","","PRODUCTOS DE AFEITADO","","","","","","","",""
"038211","ESPUMA MICADERM ","","0","","0","BK ","","PRODUCTOS DE AFEITADO","","","","","","","",""
"047868","DENTIF. ORAL B SENS.75ML","","0","","0","BL ","","HIGIENE BUCAL","","","","","","","",""
"080595","DENTIF.COLGATE MAX FRESCH 75ML","","0","","0","BL ","","HIGIENE BUCAL","","","","","","","",""
"003596","DEO.SANEX EXT.CONTROL SP. 200ML","","0","","0","BM ","","PRODUCTOS CORPORALES","","","","","","","",""
"037683","LECHE CORPORAL MICADERM ","","0","","0","BM ","","PRODUCTOS CORPORALES","","","","","","","",""
"079172","JABON HENO DE PRAVIA 3X2 115G","","0","","0","BM ","","PRODUCTOS CORPORALES","","","","","","","",""
"206942","GEL MICADERM DUCHA SPA 750ML","","0","","0","BM ","","PRODUCTOS CORPORALES","","","","","","","",""
"206943","GEL MICADERM DUCHA ","","0","","0","BM ","","PRODUCTOS CORPORALES","","","","","","","",""
"211815","DEO.AXE DARK BLACK SP.150ML","","0","","0","BM ","","PRODUCTOS CORPORALES","","","","","","","",""
"214474","DEO.REXONA ADV.WOMAN AQUA ","","0","","0","BM ","","PRODUCTOS CORPORALES","","","","","","","",""
"214475","DEO.REXONA ADVANCED ","","0","","0","BM ","","PRODUCTOS CORPORALES","","","","","","","",""
"070853","TOALL.DODOT REC.64U","","0","","0","BR ","","DESECHABLES PERFUMERIA E ","","","","","","","",""
"045386","PRESERV.DUREX PLEASURE MAX ","","0","","0","BU ","","PARAFARMACIA","","","","","","","",""
"036022","POTITO HERO BABY ","","0","","0","CG ","","Potitos y platos","","","","","","","",""
"056374","PAPILLA NESTLE MULTICE.255G","","0","","0","CH ","","Papillas","","","","","","","",""
"209881","PAÑAL DODOT SENSITIVE T-1 44U","","0","","0","CL ","","Bragapañal","","","","","","","",""
"209883","PAÑAL DODOT AZUL T-2 3/6K 68U","","0","","0","CL ","","Bragapañal","","","","","","","",""
"016023","CAFE MARCILLA CREME EXPRES ","","0","","0","I4 ","","CAFÉS Y SUCEDÁNEOS","","","","","","","",""
"016026","CAFE MARCILLA MOL.NAT.250G","","0","","0","I4 ","","CAFÉS Y SUCEDÁNEOS","","","","","","","",""
"016097","CAFE GOURMET ","","0","","0","I4 ","","CAFÉS Y SUCEDÁNEOS","","","","","","","",""
"016719","CEREAL EKO MIEL 150G","","0","","0","I4 ","","CAFÉS Y SUCEDÁNEOS","","","","","","","",""
"026662","NESQUIK D.GUSTO 16U","","0","","0","I4 ","","CAFÉS Y SUCEDÁNEOS","","","","","","","",""
"035611","CAFE D.GUSTO RISTRETTO BARISTA ","","0","","0","I4 ","","CAFÉS Y SUCEDÁNEOS","","","","","","","",""
"035685","CAFE D.GUSTO ESPR.BONKA 16U","","0","","0","I4 ","","CAFÉS Y SUCEDÁNEOS","","","","","","","",""
"057620","CAFE D.GUSTO RISTRETTO ","","0","","0","I4 ","","CAFÉS Y SUCEDÁNEOS","","","","","","","",""
"061804","CAFE BONKA MOL.DESC.NAT.250G","","0","","0","I4 ","","CAFÉS Y SUCEDÁNEOS","","","","","","","",""
"082919","CAFE ESTRELLA SOLUBLE NAT.190G","","0","","0","I4 ","","CAFÉS Y SUCEDÁNEOS","","","","","","","",""
"082920","CAFE ESTRELLA SOLUBLE ","","0","","0","I4 ","","CAFÉS Y SUCEDÁNEOS","","","","","","","",""
"085226","CAFE D.GUSTO C/LECHE INT.16U","","0","","0","I4 ","","CAFÉS Y SUCEDÁNEOS","","","","","","","",""
"212050","CAFE GOURMET SUAVE ","","0","","0","I4 ","","CAFÉS Y SUCEDÁNEOS","","","","","","","",""
"212052","CAFE GOURMET ","","0","","0","I4 ","","CAFÉS Y SUCEDÁNEOS","","","","","","","",""
"214283","CAFE D.GUSTO DOPPIO ESPR.16U","","0","","0","I4 ","","CAFÉS Y SUCEDÁNEOS","","","","","","","",""
"8000411","CAFE D.GUSTO C/LECHE 16U","","0","","0","I4 ","","CAFÉS Y SUCEDÁNEOS","","","","","","","",""
"8000421","CAFE D.GUSTO CORTADO 16U","","0","","0","I4 ","","CAFÉS Y SUCEDÁNEOS","","","","","","","",""
"8000431","CAFE D.GUSTO ESPR.INT. 16U","","0","","0","I4 ","","CAFÉS Y SUCEDÁNEOS","","","","","","","",""
"8000441","CAFE D.GUSTO ESPR.DESC.INT.16U","","0","","0","I4 ","","CAFÉS Y SUCEDÁNEOS","","","","","","","",""
"037760","INFU.GOURMET TE NEG.25B","","0","","0","I5 ","","INFUSIONES","","","","","","","",""
"viernes, 12 de septiembre de 2025","","","","","","","","Página","2","","","","","","",""
"Infome Artículos Con Stock a Cero","","","","","","","","","","","","","","","",""
"","","","","","","","","","","","","","","","",""
"","","","","","","","","","","","","","","","",""
"Código","Descripción","","Stock Físico","","Stcok Pend.","Familia","","Dscr. Familia","","","","","","","",""
"033327","CHOCO.RAM A LA TAZA 1L","","0","","0","I6 ","","CHOCOLATES","","","","","","","",""
"039788","BOMBON NESTLE C.ROJA 198G","","0","","0","I6 ","","CHOCOLATES","","","","","","","",""
"045800","CHOCO.MILKA C/LECHE 125G","","0","","0","I6 ","","CHOCOLATES","","","","","","","",""
"081164","CHOCO.GOURMET BCO.75G","","0","","0","I6 ","","CHOCOLATES","","","","","","","",""
"218411","BOMBON NESTLE DARK 70% 165G","","0","","0","I6 ","","CHOCOLATES","","","","","","","",""
"040228","COLACAO ECOBOLSA 1,2K","","0","","0","I7 ","","CACAO / CACAHUETE","","","","","","","",""
"017033","GOLOSINA GOURMET BRILLO PICA ","","0","","0","I9 ","","GOLOSINAS","","","","","","","",""
"017053","CARAMELO GOURMET ","","0","","0","I9 ","","GOLOSINAS","","","","","","","",""
"022730","AGUA AQUAREL NAT.PET 5L","","0","","0","J1 ","","AGUAS","","","","","","","",""
"030011","AGUA AQUAREL SPORT 33CL","","0","","0","J1 ","","AGUAS","","","","","","","",""
"006251","FANTA NARAN.PET 2L","","0","","0","J2 ","","BEBIDAS REFRESCANTES","","","","","","","",""
"014917","TONICA SCHWEPPES PINK ZERO ","","0","","0","J2 ","","BEBIDAS REFRESCANTES","","","","","","","",""
"027109","BITTER KAS S/ALC.20CL P-6","","0","","0","J2 ","","BEBIDAS REFRESCANTES","","","","","","","",""
"030422","FANTA NARAN.PET 50CL","","0","","0","J2 ","","BEBIDAS REFRESCANTES","","","","","","","",""
"030450","GASEOSA LA CASERA PET 50CL","","0","","0","J2 ","","BEBIDAS REFRESCANTES","","","","","","","",""
"041850","ISOTONICA UPGRADE BLUE SPORT ","","0","","0","J2 ","","BEBIDAS REFRESCANTES","","","","","","","",""
"017478","PASCUAL BIFRUTAS TROP.ORIG.1L","","0","","0","J3 ","","ZUMOS","","","","","","","",""
"029095","NECTAR GRANINI PIÑA PET 1L","","0","","0","J3 ","","ZUMOS","","","","","","","",""
"029336","NECTAR GRANINI NARAN.PET 1L","","0","","0","J3 ","","ZUMOS","","","","","","","",""
"039651","ZUMO JUVER FRUTA+LECHE TROP.P-","","0","","0","J3 ","","ZUMOS","","","","","","","",""
"054058","ZUMO GOURMET LECHE MEDI.330ML ","","0","","0","J3 ","","ZUMOS","","","","","","","",""
"071516","NECTAR GRANINI MELOC.BRICK ","","0","","0","J3 ","","ZUMOS","","","","","","","",""
"205964","ZUMO GOURMET NARAN.200ML P-6","","0","","0","J3 ","","ZUMOS","","","","","","","",""
"218187","ZUMO GOURMET TROP.200ML P-6","","0","","0","J3 ","","ZUMOS","","","","","","","",""
"017466","CERVEZA 1906 RED.VINT.BOT.33CL P-","","0","","0","J4 ","","CERVEZAS","","","","","","","",""
"030148","CERVEZA AMSTEL 1L 4.7º","","0","","0","J4 ","","CERVEZAS","","","","","","","",""
"030213","CERVEZA MAHOU CLAS.25CL P-6 4.8º","","0","","0","J4 ","","CERVEZAS","","","","","","","",""
"030262","CERVEZA E.GALICIA 25CL P-6 5.5º","","0","","0","J4 ","","CERVEZAS","","","","","","","",""
"030299","CERVEZA CRUZCAMPO LATA 33CL ","","0","","0","J4 ","","CERVEZAS","","","","","","","",""
"068255","CERVEZA PAULANER BOT.50CL","","0","","0","J4 ","","CERVEZAS","","","","","","","",""
"073309","CERVEZA MAHOU MAESTRA ","","0","","0","J4 ","","CERVEZAS","","","","","","","",""
"074985","CERVEZA CORONITA BOT.21CL P-6 ","","0","","0","J4 ","","CERVEZAS","","","","","","","",""
"087698","CERVEZA 1906 BOT.33CL P-6 6.5º","","0","","0","J4 ","","CERVEZAS","","","","","","","",""
"218646","CERVEZA MAHOU ROSE LATA 33CL ","","0","","0","J4 ","","CERVEZAS","","","","","","","",""
"010879","TINTO VERANO GOURMET 1,5L 4.5º","","0","","0","J5 ","","VINOS","","","","","","","",""
"014249","VINO VIÑALON VALDE.BCO.75CL12º","","0","","0","J5 ","","VINOS","","","","","","","",""
"025038","VINO DIAMANTE BCO.SEMI 75CL 11.5º","","0","","0","J5 ","","VINOS","","","","","","","",""
"025493","VINO CAMPOVIEJO CZA.75CL 12.5º","","0","","0","J5 ","","VINOS","","","","","","","",""
"025801","VINO PUENTEVIÑA RDO.BRICK 1L 10º","","0","","0","J5 ","","VINOS","","","","","","","",""
"033345","LAMBRUSCO M.CASALE RDO 75CL ","","0","","0","J5 ","","VINOS","","","","","","","",""
"viernes, 12 de septiembre de 2025","","","","","","","","Página","3","","","","","","",""
"Infome Artículos Con Stock a Cero","","","","","","","","","","","","","","","",""
"","","","","","","","","","","","","","","","",""
"","","","","","","","","","","","","","","","",""
"Código","Descripción","","Stock Físico","","Stcok Pend.","Familia","","Dscr. Familia","","","","","","","",""
"053988","MARTINI BIANCO 1L 15º","","0","","0","J5 ","","VINOS","","","","","","","",""
"206948","CAVA FREIXENET ICE ROSE 2 ","","0","","0","J6 ","","ESPUMOSOS","","","","","","","",""
"010549","CREMA AFILADOR ORUJO 70CL","","0","","0","J7 ","","ALCOHÓLICAS ALTA GRADUACIÓN","","","","","","","",""
"010665","LICOR RUAVIEJA HIERBAS 70CL 30º","","0","","0","J7 ","","ALCOHÓLICAS ALTA GRADUACIÓN","","","","","","","",""
"011259","WHISKY DEWAR'S W.LABEL 70CL 40º","","0","","0","J7 ","","ALCOHÓLICAS ALTA GRADUACIÓN","","","","","","","",""
"028176","BEB.ESP.SOBERANO 1L 30º","","0","","0","J7 ","","ALCOHÓLICAS ALTA GRADUACIÓN","","","","","","","",""
"028215","LICOR MALIBU COCO T.R.70CL 18º","","0","","0","J7 ","","ALCOHÓLICAS ALTA GRADUACIÓN","","","","","","","",""
"028302","GINEBRA LARIOS 1L 37.5º.","","0","","0","J7 ","","ALCOHÓLICAS ALTA GRADUACIÓN","","","","","","","",""
"028324","CREMA RUAVIEJA ORUJO 70CL 17º","","0","","0","J7 ","","ALCOHÓLICAS ALTA GRADUACIÓN","","","","","","","",""
"028350","GINEBRA BOWLING 1L 37,5º","","0","","0","J7 ","","ALCOHÓLICAS ALTA GRADUACIÓN","","","","","","","",""
"028373","GINEBRA SEAGRAM'S 70CL 40º","","0","","0","J7 ","","ALCOHÓLICAS ALTA GRADUACIÓN","","","","","","","",""
"028433","RON NEGRITA 1L 37.5º","","0","","0","J7 ","","ALCOHÓLICAS ALTA GRADUACIÓN","","","","","","","",""
"028475","RON BRUGAL EXT.VIEJO T.I.70CL 38º","","0","","0","J7 ","","ALCOHÓLICAS ALTA GRADUACIÓN","","","","","","","",""
"028492","RON LA PINTA AÑEJO 70CL 37.5º","","0","","0","J7 ","","ALCOHÓLICAS ALTA GRADUACIÓN","","","","","","","",""
"028498","RON LEGENDARIO ELIXIR 70CL 34º","","0","","0","J7 ","","ALCOHÓLICAS ALTA GRADUACIÓN","","","","","","","",""
"028516","LICOR BOWLING MANZ.S/ALC.70CL","","0","","0","J7 ","","ALCOHÓLICAS ALTA GRADUACIÓN","","","","","","","",""
"028615","WHISKY J. DANIEL'S T.I.70CL 40º","","0","","0","J7 ","","ALCOHÓLICAS ALTA GRADUACIÓN","","","","","","","",""
"028708","CREMA BAILEYS WHISKY 70CL 17º","","0","","0","J7 ","","ALCOHÓLICAS ALTA GRADUACIÓN","","","","","","","",""
"028810","TEQUILA LA PIEDAD T.I.70CL 35º","","0","","0","J7 ","","ALCOHÓLICAS ALTA GRADUACIÓN","","","","","","","",""
"028865","LICOR JAGERMEISTER 70CL 35º","","0","","0","J7 ","","ALCOHÓLICAS ALTA GRADUACIÓN","","","","","","","",""
"045430","RON NEGRITA 70CL 37.5º","","0","","0","J7 ","","ALCOHÓLICAS ALTA GRADUACIÓN","","","","","","","",""
"045559","TEQUILA J.CUERVO ESP.REPOS.70CL ","","0","","0","J7 ","","ALCOHÓLICAS ALTA GRADUACIÓN","","","","","","","",""
"046472","WHISKY J&B T.I. 70CL 40º","","0","","0","J7 ","","ALCOHÓLICAS ALTA GRADUACIÓN","","","","","","","",""
"046475","RON CACIQUE AÑEJO 70CL 37.5º","","0","","0","J7 ","","ALCOHÓLICAS ALTA GRADUACIÓN","","","","","","","",""
"050856","WHISKY BALLANTINE'S 70CL 40º","","0","","0","J7 ","","ALCOHÓLICAS ALTA GRADUACIÓN","","","","","","","",""
"057678","GIN P.INDIAS STRAWB.70CL 37.5º","","0","","0","J7 ","","ALCOHÓLICAS ALTA GRADUACIÓN","","","","","","","",""
"075921","GINEBRA BEEFEATER  T.I. 70CL 40º","","0","","0","J7 ","","ALCOHÓLICAS ALTA GRADUACIÓN","","","","","","","",""
"081014","GINEBRA EMPIRE FRESA 70CL 37.5º","","0","","0","J7 ","","ALCOHÓLICAS ALTA GRADUACIÓN","","","","","","","",""
"082281","CREMA PANIZO ORUJO 17º 70CL","","0","","0","J7 ","","ALCOHÓLICAS ALTA GRADUACIÓN","","","","","","","",""
"217870","BEB.ESP.TERRY CENTENARIO 1L 30º","","0","","0","J7 ","","ALCOHÓLICAS ALTA GRADUACIÓN","","","","","","","",""
"009835","KETCHUP HEINZ PLAST.342G","","0","","0","JA ","","SALSAS","","","","","","","",""
"016979","PIMIENTA GOURMET ","","0","","0","JB ","","SAL, VINAGRE Y ESPECIAS","","","","","","","",""
"046046","VINAGRE PRIMA MANZ.750ML","","0","","0","JB ","","SAL, VINAGRE Y ESPECIAS","","","","","","","",""
"016623","CUAJADA ROYAL 48G","","0","","0","JC ","","REPOSTERIA","","","","","","","",""
"042674","TARTA ROYAL CHOCO.MILKA 350G","","0","","0","JC ","","REPOSTERIA","","","","","","","",""
"043330","GELATINA ROYAL LIMON 114G","","0","","0","JC ","","REPOSTERIA","","","","","","","",""
"061462","FLAN MANDARIN CHINO CLAS.20G","","0","","0","JC ","","REPOSTERIA","","","","","","","",""
"083216","SIROPE MONTEY ","","0","","0","JC ","","REPOSTERIA","","","","","","","",""
"000553","GALL.ARLUY MINIS SIMPSON 275G","","0","","0","JD ","","GALLETAS","","","","","","","",""
"018696","GALL.FONTANEDA ","","0","","0","JD ","","GALLETAS","","","","","","","",""
"viernes, 12 de septiembre de 2025","","","","","","","","Página","4","","","","","","",""
"Infome Artículos Con Stock a Cero","","","","","","","","","","","","","","","",""
"","","","","","","","","","","","","","","","",""
"","","","","","","","","","","","","","","","",""
"Código","Descripción","","Stock Físico","","Stcok Pend.","Familia","","Dscr. Familia","","","","","","","",""
"023353","GALL.PRINCIPE ESTRELLAS 150G","","0","","0","JD ","","GALLETAS","","","","","","","",""
"023918","GALL.CUETARA KRIT BOTE 350G","","0","","0","JD ","","GALLETAS","","","","","","","",""
"033175","GALL.DINOSAURUS 411G","","0","","0","JD ","","GALLETAS","","","","","","","",""
"058004","GALL.PRINCIPE MAXICHOCO.250G","","0","","0","JD ","","GALLETAS","","","","","","","",""
"063386","GALL.ARTIACH PRINCESA 120G","","0","","0","JD ","","GALLETAS","","","","","","","",""
"082591","GALL.NOEL BIZCOCHO 600G","","0","","0","JD ","","GALLETAS","","","","","","","",""
"091584","GALL.CUETARA ","","0","","0","JD ","","GALLETAS","","","","","","","",""
"217810","GALL.TOSTA RICA 760G","","0","","0","JD ","","GALLETAS","","","","","","","",""
"034630","CEREAL SPECIAL K F.ROJAS 300G","","0","","0","JE ","","CEREALES DESAYUNO","","","","","","","",""
"088544","CEREAL KELLOGG'S CORN FLAKES  ","","0","","0","JE ","","CEREALES DESAYUNO","","","","","","","",""
"214706","CEREAL KRAVE CHOCO.NUTS 410G","","0","","0","JE ","","CEREALES DESAYUNO","","","","","","","",""
"217605","CEREAL SPECIAL K CLAS.335G","","0","","0","JE ","","CEREALES DESAYUNO","","","","","","","",""
"060995","PAN GOURMET TOST.NOR.270G 30U.","","0","","0","JG ","","PANADERÍA INDUSTRIAL","","","","","","","",""
"061015","PAN GOURMET TOST.INTEG.270G ","","0","","0","JG ","","PANADERÍA INDUSTRIAL","","","","","","","",""
"077647","PAN GOURMET SANDWICH ","","0","","0","JG ","","PANADERÍA INDUSTRIAL","","","","","","","",""
"027551","PASTA GALLO SPAGHETTI S/G.450G","","0","","0","JH ","","PASTAS","","","","","","","",""
"035380","PASTA GALLO PLUMA Nº6 450G","","0","","0","JH ","","PASTAS","","","","","","","",""
"082257","PASTA GALLO ESTRELLA 450G","","0","","0","JH ","","PASTAS","","","","","","","",""
"203872","PASTA GALLO PLUMA S/G 450G","","0","","0","JH ","","PASTAS","","","","","","","",""
"078361","ARROZ SUSHI BAYO 1K","","0","","0","JI ","","ARROCES","","","","","","","",""
"210123","ARROZ TILDA BASMATI 1K","","0","","0","JI ","","ARROCES","","","","","","","",""
"012175","YAKISOBA MAGGI CLAS.S.120G","","0","","0","JK ","","SOPAS, CALDOS Y PURES","","","","","","","",""
"012607","CREMA KNORR ","","0","","0","JK ","","SOPAS, CALDOS Y PURES","","","","","","","",""
"024458","JUGOSO HORNO MAGGI HIERBAS ","","0","","0","JK ","","SOPAS, CALDOS Y PURES","","","","","","","",""
"032049","CALDO MAGGI VERD.10 PAST.","","0","","0","JK ","","SOPAS, CALDOS Y PURES","","","","","","","",""
"032110","SOPA G.BLANCA POLLO C/FIDEO 71G","","0","","0","JK ","","SOPAS, CALDOS Y PURES","","","","","","","",""
"032137","SOPA MAGGI 11 VERD.53G","","0","","0","JK ","","SOPAS, CALDOS Y PURES","","","","","","","",""
"032201","CREMA KNORR VERD.MEDI.500 ML","","0","","0","JK ","","SOPAS, CALDOS Y PURES","","","","","","","",""
"032522","JUGOSO HORNO MAGGI BBQ 36G","","0","","0","JK ","","SOPAS, CALDOS Y PURES","","","","","","","",""
"044852","CALDO G.BLANCA SUAVE POLLO ","","0","","0","JK ","","SOPAS, CALDOS Y PURES","","","","","","","",""
"071034","HARINA GALLO INTEG.1K","","0","","0","JK ","","SOPAS, CALDOS Y PURES","","","","","","","",""
"216283","PAN GALLO RALL.CRUJIEN.500G","","0","","0","JK ","","SOPAS, CALDOS Y PURES","","","","","","","",""
"219519","NOODLES YATEKOMO YAKISOBA ","","0","","0","JK ","","SOPAS, CALDOS Y PURES","","","","","","","",""
"079905","PRINGLES BBQ 70G","","0","","0","JL ","","PATATAS FRITAS , CORTEZAS Y OT","","","","","","","",""
"087928","PRINGLES BBQ 165G","","0","","0","JL ","","PATATAS FRITAS , CORTEZAS Y OT","","","","","","","",""
"215323","CORTEZAS GOURMET TRIGO 80G","","0","","0","JL ","","PATATAS FRITAS , CORTEZAS Y OT","","","","","","","",""
"026513","PASA GOURMET JUMBO S/SEMILLA ","","0","","0","JM ","","FRUTOS SECOS Y FRUTA SECA","","","","","","","",""
"026516","OREJON GOURMET ALBAR.250G","","0","","0","JM ","","FRUTOS SECOS Y FRUTA SECA","","","","","","","",""
"026524","COCTEL GOURMET CHILLY 125G","","0","","0","JM ","","FRUTOS SECOS Y FRUTA SECA","","","","","","","",""
"010293","COMIDA PERRO FRISKIES JR 3K","","0","","0","JN ","","ALIMENTOS ANIMALES","","","","","","","",""
"viernes, 12 de septiembre de 2025","","","","","","","","Página","5","","","","","","",""
"Infome Artículos Con Stock a Cero","","","","","","","","","","","","","","","",""
"","","","","","","","","","","","","","","","",""
"","","","","","","","","","","","","","","","",""
"Código","Descripción","","Stock Físico","","Stcok Pend.","Familia","","Dscr. Familia","","","","","","","",""
"019122","COMIDA PERRO BON MENU MEDI.4K","","0","","0","JN ","","ALIMENTOS ANIMALES","","","","","","","",""
"075026","COMIDA GATO ULTIMA BOLAS ","","0","","0","JN ","","ALIMENTOS ANIMALES","","","","","","","",""
"014316","BONITO ORTIZ A.OLIVA OL-120 82G","","0","","0","JQ ","","CONSERVAS DE PESCADO Y ","","","","","","","",""
"015040","MEJILLON CUCA SALSA GALLEGA ","","0","","0","JQ ","","CONSERVAS DE PESCADO Y ","","","","","","","",""
"023062","ATUN ALBO CL.AOVE 48G P-3","","0","","0","JQ ","","CONSERVAS DE PESCADO Y ","","","","","","","",""
"026051","SARDINILLA CUCA A.OLIVA RR-90","","0","","0","JQ ","","CONSERVAS DE PESCADO Y ","","","","","","","",""
"026229","BERBER.GOURMET NAT.R0-200 90G","","0","","0","JQ ","","CONSERVAS DE PESCADO Y ","","","","","","","",""
"038398","BERBER.CUCA MED.OL-120 63G ","","0","","0","JQ ","","CONSERVAS DE PESCADO Y ","","","","","","","",""
"056562","AGUJA ORBE ESCAB.RR-87G","","0","","0","JQ ","","CONSERVAS DE PESCADO Y ","","","","","","","",""
"082083","LANGOSTILLO UBAGO RR-125 45G","","0","","0","JQ ","","CONSERVAS DE PESCADO Y ","","","","","","","",""
"205159","MEJILLON GOURMET NAT. 69G 13/18P","","0","","0","JQ ","","CONSERVAS DE PESCADO Y ","","","","","","","",""
"205161","MEJILLON GOURMET ESCA.43G P3 ","","0","","0","JQ ","","CONSERVAS DE PESCADO Y ","","","","","","","",""
"205176","MEJILLON GOURMET ","","0","","0","JQ ","","CONSERVAS DE PESCADO Y ","","","","","","","",""
"205436","BERBER.GOURMET NAT.30/40U 60G","","0","","0","JQ ","","CONSERVAS DE PESCADO Y ","","","","","","","",""
"008027","ALCACHOFA GOURMET 6/8P.240G","","0","","0","JR ","","CONSERVAS VEGETALES","","","","","","","",""
"008173","GUISANTE GOURMET 95G","","0","","0","JR ","","CONSERVAS VEGETALES","","","","","","","",""
"008388","TOMATE APIS TRITUR.C/CEBO.400G","","0","","0","JR ","","CONSERVAS VEGETALES","","","","","","","",""
"036552","PIMIENTO PIQ.GOURMET ENT.EX.1ª ","","0","","0","JR ","","CONSERVAS VEGETALES","","","","","","","",""
"082276","JUDIA GUTARRA VERDE TIRAS ","","0","","0","JR ","","CONSERVAS VEGETALES","","","","","","","",""
"082811","PIMIENTO PIQ.MONTEY TIRA ","","0","","0","JR ","","CONSERVAS VEGETALES","","","","","","","",""
"082972","TOMATE CIDACOS TRITUR.400G","","0","","0","JR ","","CONSERVAS VEGETALES","","","","","","","",""
"205828","ALCACHOFA GOURMET VIDR ","","0","","0","JR ","","CONSERVAS VEGETALES","","","","","","","",""
"011183","PERA GOURMET ALMIBAR 240G","","0","","0","JS ","","CONSERVAS DE FRUTAS Y DULCES","","","","","","","",""
"011237","PIÑA DEL MONTE EN SU JUGO 145G ","","0","","0","JS ","","CONSERVAS DE FRUTAS Y DULCES","","","","","","","",""
"012309","MERMELADA LIGERESA FRESA ","","0","","0","JS ","","CONSERVAS DE FRUTAS Y DULCES","","","","","","","",""
"079665","MERMELADA LA V.FABRICA ","","0","","0","JS ","","CONSERVAS DE FRUTAS Y DULCES","","","","","","","",""
"009169","RAVIOLIS HERO AL HUEVO C/CARNE ","","0","","0","JU ","","PLATOS PREP. EN CONSERVA Y LEG","","","","","","","",""
"017517","ALBONDIGA CARRETILLA ","","0","","0","JU ","","PLATOS PREP. EN CONSERVA Y LEG","","","","","","","",""
"067437","PAELLA CARRETILLA MARINERA 250G","","0","","0","JU ","","PLATOS PREP. EN CONSERVA Y LEG","","","","","","","",""
"091340","JALAPEÑO ZANUY TAR.225G","","0","","0","JU ","","PLATOS PREP. EN CONSERVA Y LEG","","","","","","","",""
"013001","ACEITUNA GOURMET MANZANI.S/H ","","0","","0","JV ","","ACEITUNAS Y ENCURTIDOS ","","","","","","","",""
"013155","ACEITUNA GOURMET ","","0","","0","JV ","","ACEITUNAS Y ENCURTIDOS ","","","","","","","",""
"013294","ACEITUNA SERPIS RELL.130G","","0","","0","JV ","","ACEITUNAS Y ENCURTIDOS ","","","","","","","",""
"055478","ACEITUNA SARASA COCTEL ","","0","","0","JV ","","ACEITUNAS Y ENCURTIDOS ","","","","","","","",""
"025342","LECHE PULEVA OMEGA 3 C/NUECES ","","0","","0","JW ","","LECHE LÍQUIDA","","","","","","","",""
"205636","LECHE ASTURIANA BRICK 200ML P-6","","0","","0","JW ","","LECHE LÍQUIDA","","","","","","","",""
"037007","LECHE LECHERA COND.PEQUE.9% ","","0","","0","JX ","","LECHES NO LIQUIDAS","","","","","","","",""
"090040","HUEVO M 53-63G 12 U.","","0","","0","KF ","","HUEVOS","","","","","","","",""
"001920","CARBON LLENYES VALLES VEG.3K","","0","","0","L5 ","","JARDIN","","","","","","","",""
"210003","PILA CEGASA AAA LR03 4U","","0","","0","LK ","","PILAS Y LINTERNAS","","","","","","","",""
"viernes, 12 de septiembre de 2025","","","","","","","","Página","6","","","","","","",""
"Infome Artículos Con Stock a Cero","","","","","","","","","","","","","","","",""
"","","","","","","","","","","","","","","","",""
"","","","","","","","","","","","","","","","",""
"Código","Descripción","","Stock Físico","","Stcok Pend.","Familia","","Dscr. Familia","","","","","","","",""
"212607","PILA POWERKING ALCALINA R14 2U","","0","","0","LK ","","PILAS Y LINTERNAS","","","","","","","",""
"212608","PILA POWERKING ALCALINA R20 2U","","0","","0","LK ","","PILAS Y LINTERNAS","","","","","","","",""
"001822","CUBO+ESCURR.PLASTIKEN RD.14L","","0","","0","LN ","","PLASTICO USO NO ALIMENTARIO","","","","","","","",""
"214679","VASO BETIK BEB.FRIAS COMP.330CC ","","0","","0","LO ","","ARTICULOS UN SOLO USO","","","","","","","",""
"","","","","","","","","","","","","","","","",""
"","","","","","","","","","","","","","","","",""
"","","","","","","","","","","","","","","","",""
"","","","","","","","","","","","","","","","",""
"","","","","","","","","","","","","","","","",""
"","","","","","","","","","","","","","","","",""
"","","","","","","","","","","","","","","","",""
"","","","","","","","","","","","","","","","",""
"","","","","","","","","","","","","","","","",""
"","","","","","","","","","","","","","","","",""
"","","","","","","","","","","","","","","","",""
"","","","","","","","","","","","","","","","",""
"","","","","","","","","","","","","","","","",""
"","","","","","","","","","","","","","","","",""
"","","","","","","","","","","","","","","","",""
"","","","","","","","","","","","","","","","",""
"","","","","","","","","","","","","","","","",""
"","","","","","","","","","","","","","","","",""
"","","","","","","","","","","","","","","","",""
"","","","","","","","","","","","","","","","",""
"","","","","","","","","","","","","","","","",""
"","","","","","","","","","","","","","","","",""
"","","","","","","","","","","","","","","","",""
"","","","","","","","","","","","","","","","",""
"","","","","","","","","","","","","","","","",""
"","","","","","","","","","","","","","","","",""
"","","","","","","","","","","","","","","","",""
"","","","","","","","","","","","","","","","",""
"","","","","","","","","","","","","","","","",""
"","","","","","","","","","","","","","","","",""
"","","","","","","","","","","","","","","","",""
"","","","","","","","","","","","","","","","",""
"","","","","","","","","","","","","","","","",""
"","","","","","","","","","","","","","","","",""
"","","","","","","","","","","","","","","","",""
"","","","","","","","","","","","","","","","",""
"","","","","","","","","","","","","","","","",""
"","","","","","","","","","","","","","","","",""
"","","","","","","","","","","","","","","","",""
"","","","","","","","","","","","","","","","",""
"","","","","","","","","","","","","","","","",""
"","","","","","","","","","","","","","","","",""
"","","","","","","","","","","","","","","","",""
"viernes, 12 de septiembre de 2025","","","","","","","","Página","7","","","","","","",""
"SUMA EXPRESS FUENLABRADA","","","","","","","","","","","","","","","",""
"Calle Almeania 4 LOCAL","","","","","","","","","","","","","","","",""
"CP:","28943","","","","","","","","","","","","","","",""
"Telf:","932924824","","","","","","","","","","","","","","",""
"Web:","","","","","","","","","","","","","","","",""
"Email:","","","","","","","","","","","","","","","",""
"Infome Artículos Con Stock Bajo","","","","","","","","","","","","","","","",""
"","","","","","","","","","","","","","","","",""
"","","","","","","","","","","","","","","","",""
"Código","Descripción","","Stock Físico","","","Stcok Pendiente","Familia","Dscr. Familia","","","","","","","",""
"006178","DETERG.MICAL LIQ.MARSE.40D 3L","","1","","","0","A5 ","DETERGENTES ROPA","","","","","","","",""
"006180","DETERG.MICAL LIQ.GEL 40D 3L","","1","","","0","A5 ","DETERGENTES ROPA","","","","","","","",""
"006183","DETERG.MICAL ALOE V.40D 3L","","1","","","0","A5 ","DETERGENTES ROPA","","","","","","","",""
"078357","DETERG.MICAL PRENDAS DELI.2L","","1","","","0","A5 ","DETERGENTES ROPA","","","","","","","",""
"209830","DETERG.ARIEL LIQ.ORIG.29D","","1","","","0","A5 ","DETERGENTES ROPA","","","","","","","",""
"215948","DETERG.WIPP EXPRESS ","","1","","","0","A5 ","DETERGENTES ROPA","","","","","","","",""
"089038","TOALL.IBERIA PROTECT 15U","","1","","","0","A6 ","COMPLEMENTOS ","","","","","","","",""
"208168","DUPLO KH7 S/MANCHAS ","","1","","","0","A6 ","COMPLEMENTOS ","","","","","","","",""
"070915","LAVAV.FAIRY ULTRA 480ML","","1","","","0","A8 ","LAVAVAJILLAS","","","","","","","",""
"218484","LAVAV.FAIRY 1,015L","","1","","","0","A8 ","LAVAVAJILLAS","","","","","","","",""
"006316","LEJIA CONEJO 2L","","1","","","0","A9 ","LEJIAS Y DESINFECTANTES","","","","","","","",""
"002266","TENN BAÑO 1,3L","","1","","","0","BA ","LIMPIADORES DEL HOGAR","","","","","","","",""
"061377","LIMPIADOR BREF WC NAT.ACT.2U","","1","","","0","BA ","LIMPIADORES DEL HOGAR","","","","","","","",""
"211014","DESINFECT.MICAL BACTERICIDA ","","1","","","0","BA ","LIMPIADORES DEL HOGAR","","","","","","","",""
"217465","LIMPIADOR KH7 PIST.650ML","","1","","","0","BA ","LIMPIADORES DEL HOGAR","","","","","","","",""
"219251","LIMPIADOR KH7 DESINF.715ML","","1","","","0","BA ","LIMPIADORES DEL HOGAR","","","","","","","",""
"006489","GAMUZA VILEDA CRISTALES","","1","","","0","BB ","ÚTILES DE LIMPIEZA","","","","","","","",""
"006672","FREGONA VILEDA SUPER REC.","","1","","","0","BB ","ÚTILES DE LIMPIEZA","","","","","","","",""
"006691","FREGONA MICAL MICROFI. REC.","","1","","","0","BB ","ÚTILES DE LIMPIEZA","","","","","","","",""
"027380","PAPEL HIG.SCOTTEX 16U","","1","","","0","BG ","CELULOSAS HOGAR","","","","","","","",""
"047863","PAPEL NICKY COCINA LIMON 2U","","1","","","0","BG ","CELULOSAS HOGAR","","","","","","","",""
"011747","CHAMPU H&S PREVEN.CAIDA ","","1","","","0","BH ","PRODUCTOS CAPILARES","","","","","","","",""
"078903","MASCAR.FRUCTIS NUTRI.REPAIR ","","1","","","0","BH ","PRODUCTOS CAPILARES","","","","","","","",""
"088456","CHAMPU MICADERM CAB.GRASO ","","1","","","0","BH ","PRODUCTOS CAPILARES","","","","","","","",""
"003418","CEPILLO DENTAL COLGATE MEDIO ","","1","","","0","BL ","HIGIENE BUCAL","","","","","","","",""
"047869","DENTIF.ORAL B COMPLETE 75ML","","1","","","0","BL ","HIGIENE BUCAL","","","","","","","",""
"016235","GEL AGRADO BAÑO MELON ","","1","","","0","BM ","PRODUCTOS CORPORALES","","","","","","","",""
"046896","BODY MILK NIVEA A.OLIVA 400ML","","1","","","0","BM ","PRODUCTOS CORPORALES","","","","","","","",""
"216461","DEO.AXE EPIC FRESH 150ML","","1","","","0","BM ","PRODUCTOS CORPORALES","","","","","","","",""
"206470","DISCO MICADERM ","","1","","","0","BR ","DESECHABLES PERFUMERIA E ","","","","","","","",""
"045387","LUBRICANTE DUREX MASSAGE ","","1","","","0","BU ","PARAFARMACIA","","","","","","","",""
"211740","TIRITA COSMOPLAST 5 BANDAS+10 ","","1","","","0","BU ","PARAFARMACIA","","","","","","","",""
"209885","PAÑAL DODOT AZUL T-4 9/15K 58U","","1","","","0","CL ","Bragapañal","","","","","","","",""
"078115","ACEITE HOJIBLANCA OLIVA V.EXT.1L","","1","","","0","I3 ","ACEITES","","","","","","","",""
"003332","CAFE D.GUSTO CAPUCC.16U","","1","","","0","I4 ","CAFÉS Y SUCEDÁNEOS","","","","","","","",""
"viernes, 12 de septiembre de 2025","","","","","","","","Página","1","","","","","","",""
"Infome Artículos Con Stock Bajo","","","","","","","","","","","","","","","",""
"","","","","","","","","","","","","","","","",""
"","","","","","","","","","","","","","","","",""
"Código","Descripción","","Stock Físico","","","Stcok Pendiente","Familia","Dscr. Familia","","","","","","","",""
"012481","CAFE D.GUSTO LUNGO 16U","","1","","","0","I4 ","CAFÉS Y SUCEDÁNEOS","","","","","","","",""
"020958","CAFE D.GUSTO ESPR.DESC.16U","","1","","","0","I4 ","CAFÉS Y SUCEDÁNEOS","","","","","","","",""
"012893","INFU. HORNIMANS MANZANI.ANIS ","","1","","","0","I5 ","INFUSIONES","","","","","","","",""
"039732","CREMA NUTELLA CACAO 200G","","1","","","0","I7 ","CACAO / CACAHUETE","","","","","","","",""
"020564","NECTAR JUVER DISF.S/A.MELOC.1L","","1","","","0","J3 ","ZUMOS","","","","","","","",""
"036261","NECTAR JUVER DISF.10+10 2L","","1","","","0","J3 ","ZUMOS","","","","","","","",""
"078180","ZUMO D.SIMON CARIBE 33CL P-3","","1","","","0","J3 ","ZUMOS","","","","","","","",""
"010880","TINTO VERANO GOURMET LIMON ","","1","","","0","J5 ","VINOS","","","","","","","",""
"021746","VINO C.IZNAR R.DUERO CZA.75CL ","","1","","","0","J5 ","VINOS","","","","","","","",""
"025480","VINO PAGO CAPELLANES CZA.75CL ","","1","","","0","J5 ","VINOS","","","","","","","",""
"600954","VINO ALBARIÑO 1591 PAZO DE SAN ","","1","","","0","J5 ","VINOS","","","","","","","",""
"005629","GINEBRA EMPIRE 70CL 37.5º","","1","","","0","J7 ","ALCOHÓLICAS ALTA ","","","","","","","",""
"028472","LICOR BOWLING MANZ.VERDE 70CL ","","1","","","0","J7 ","ALCOHÓLICAS ALTA ","","","","","","","",""
"079173","WHISKY DYC 5A 1L 40º","","1","","","0","J7 ","ALCOHÓLICAS ALTA ","","","","","","","",""
"600931","PASSPORT SCOTCH WHISKY 1 L","","1","","","0","J7 ","ALCOHÓLICAS ALTA ","","","","","","","",""
"072466","MAYONESA CALVE ","","1","","","0","JA ","SALSAS","","","","","","","",""
"016922","NUEZ MOSCADA GOURMET GRANO ","","1","","","0","JB ","SAL, VINAGRE Y ESPECIAS","","","","","","","",""
"057939","GALL.PRINCIPE CHOCO.300G","","1","","","0","JD ","GALLETAS","","","","","","","",""
"032145","CREMA KNORR CALABAZA C/NATA ","","1","","","0","JK ","SOPAS, CALDOS Y PURES","","","","","","","",""
"045447","CACAHUETE GOURMET FRITO ","","1","","","0","JM ","FRUTOS SECOS Y FRUTA SECA","","","","","","","",""
"046873","PIPA GOURMET GIRASOL TOST.SAL ","","1","","","0","JM ","FRUTOS SECOS Y FRUTA SECA","","","","","","","",""
"019071","COMIDA GATO G.GOLD BUEY 85G","","1","","","0","JN ","ALIMENTOS ANIMALES","","","","","","","",""
"014425","ATUN CALVO CL. A.OLIVA 52G P-3","","1","","","0","JQ ","CONSERVAS DE PESCADO Y ","","","","","","","",""
"008036","ALCACHOFA GUTARRA ","","1","","","0","JR ","CONSERVAS VEGETALES","","","","","","","",""
"217349","ESPARRAGO BUJANDA EXT.8/12P ","","1","","","0","JR ","CONSERVAS VEGETALES","","","","","","","",""
"216532","MERMELADA GOURMET NARAN. ","","1","","","0","JS ","CONSERVAS DE FRUTAS Y ","","","","","","","",""
"055182","PATE TARRADELLAS SALMON 125G","","1","","","0","JT ","CONSERVAS DE CARNE Y ","","","","","","","",""
"219160","PATE GOURMET PIM.TAR.VIDR.160G","","1","","","0","JT ","CONSERVAS DE CARNE Y ","","","","","","","",""
"017518","MACARRON CARRETILLA ","","1","","","0","JU ","PLATOS PREP. EN CONSERVA Y ","","","","","","","",""
"013170","ACEITUNA GOURMET PERDIGON ","","1","","","0","JV ","ACEITUNAS Y ENCURTIDOS ","","","","","","","",""
"013316","ACEITUNA QUALITY ","","1","","","0","JV ","ACEITUNAS Y ENCURTIDOS ","","","","","","","",""
"013383","ACEITUNA QUALITY ","","1","","","0","JV ","ACEITUNAS Y ENCURTIDOS ","","","","","","","",""
"049071","LECHE PULEVA CALCIO SEMI BRICK ","","1","","","0","JW ","LECHE LÍQUIDA","","","","","","","",""
"075898","BATIDO PULEVA CACAO 1L","","1","","","0","JZ ","BATIDOS","","","","","","","",""
"214675","PLATO BETIK COMP.16CM 12U","","1","","","0","LO ","ARTICULOS UN SOLO USO","","","","","","","",""
"","","","","","","","","","","","","","","","",""
"","","","","","","","","","","","","","","","",""
"","","","","","","","","","","","","","","","",""
"","","","","","","","","","","","","","","","",""
"","","","","","","","","","","","","","","","",""
"","","","","","","","","","","","","","","","",""
"viernes, 12 de septiembre de 2025","","","","","","","","Página","2","","","","","","",""
"SUMA EXPRESS FUENLABRADA","","","","","","","","","","","","","","","",""
"Calle Almeania 4 LOCAL","","","","","","","","","","","","","","","",""
"CP:","28943","","","","","","","","","","","","","","",""
"Telf:","932924824","","","","","","","","","","","","","","",""
"Web:","","","","","","","","","","","","","","","",""
"Email:","","","","","","","","","","","","","","","",""
"Infome Artículos Con Sobre Stock","","","","","","","","","","","","","","","",""
"","","","","","","","","","","","","","","","",""
"","","","","","","","","","","","","","","","",""
"Código","Descripción","","Stock Físico","Stcok Pend.","","Familia","Dscr. Familia","","","","","","","","",""
"205960","FREGASUELOS MICAL MARINO ","","34","","0","BA ","LIMPIADORES DEL HOGAR","","","","","","","","",""
"030000","AGUA GOURMET MINERAL ","","19","","0","J1 ","AGUAS","","","","","","","","",""
"012512","AQUARIUS NARAN. PET 1,5L","","24","","0","J2 ","BEBIDAS REFRESCANTES","","","","","","","","",""
"030309","PEPSI LATA 33CL","","93","","0","J2 ","BEBIDAS REFRESCANTES","","","","","","","","",""
"030469","GASEOSA LA CASERA PET 1,5L","","23","","0","J2 ","BEBIDAS REFRESCANTES","","","","","","","","",""
"030523","REFRESCO GOURMET COLA 2L","","25","","0","J2 ","BEBIDAS REFRESCANTES","","","","","","","","",""
"068780","REFRESCO GOURMET ","","23","","0","J2 ","BEBIDAS REFRESCANTES","","","","","","","","",""
"030746","LIMONADA D.SIMON LIGHT 1,5L","","29","","0","J3 ","ZUMOS","","","","","","","","",""
"030272","CERVEZA TOP BEER LATA 50CL ","","78","","0","J4 ","CERVEZAS","","","","","","","","",""
"040329","CERVEZA SKOL 1L 4.6º","","31","","0","J4 ","CERVEZAS","","","","","","","","",""
"025783","VINO C.OVANTE RIOJA ","","82","","0","J5 ","VINOS","","","","","","","","",""
"220684","PAN GOURMET MOLDE ","","40","","0","JG ","PANADERÍA INDUSTRIAL","","","","","","","","",""
"079668","ATUN ISABEL CL.A.OLIVA RO-85 ","","18","","0","JQ ","CONSERVAS DE PESCADO Y MARISCO","","","","","","","","",""
"218596","TRIPACK APERITIVO UBAGO ","","16","","0","JQ ","CONSERVAS DE PESCADO Y MARISCO","","","","","","","","",""
"","","","","","","","","","","","","","","","",""
"","","","","","","","","","","","","","","","",""
"","","","","","","","","","","","","","","","",""
"","","","","","","","","","","","","","","","",""
"","","","","","","","","","","","","","","","",""
"","","","","","","","","","","","","","","","",""
"","","","","","","","","","","","","","","","",""
"","","","","","","","","","","","","","","","",""
"","","","","","","","","","","","","","","","",""
"","","","","","","","","","","","","","","","",""
"","","","","","","","","","","","","","","","",""
"","","","","","","","","","","","","","","","",""
"","","","","","","","","","","","","","","","",""
"","","","","","","","","","","","","","","","",""
"","","","","","","","","","","","","","","","",""
"","","","","","","","","","","","","","","","",""
"","","","","","","","","","","","","","","","",""
"","","","","","","","","","","","","","","","",""
"","","","","","","","","","","","","","","","",""
"","","","","","","","","","","","","","","","",""
"","","","","","","","","","","","","","","","",""
"","","","","","","","","","","","","","","","",""
"","","","","","","","","","","","","","","","",""
"","","","","","","","","","","","","","","","",""
"","","","","","","","","","","","","","","","",""
"viernes, 12 de septiembre de 2025","","","","","","","","Página","1","","","","","","",""
"SUMA EXPRESS FUENLABRADA","","","","","","","","","","","","","","","",""
"Calle Almeania 4 LOCAL","","","","","","","","","","","","","","","",""
"CP:","28943","","","","","","","","","","","","","","",""
"Telf:","932924824","","","","","","","","","","","","","","",""
"Web:","","","","","","","","","","","","","","","",""
"Email:","","","","","","","","","","","","","","","",""
"Infome Descatalogados Con Stock","","","","","","","","","","","","","","","",""
"Sección:","","","Familia:","","","","","","","","","","","","",""
"","","","","","","","","","","","","","","","",""
"Código","Descripción","","Stock Físico","","Punto Pedido","","Stock Objetivo","Sección","","Dscr. Sección","","Familia","Dscr. Familia","","",""
"030840","AGUA SOLAN DE CABRAS PET 50CL","","53","","12","","20","AQ ","","ALIM. Y BEBIDAS","","J1 ","AGUAS","","",""
"001217","CERVEZA MAHOU MIXTA LATA 33CL ","","16","","8","","24","AQ ","","ALIM. Y BEBIDAS","","J4 ","CERVEZAS","","",""
"006939","MOSTAZA GOURMET BOCABAJO ","","7","","3","","6","AQ ","","ALIM. Y BEBIDAS","","JA ","SALSAS","","",""
"002441","PALOMITAS GOURMET ","","6","","3","","5","AQ ","","ALIM. Y BEBIDAS","","JM ","FRUTOS SECOS Y FRUTA SECA","","",""
"012203","MERMELADA LIGERESA CIRUELA ","","3","","3","","12","AQ ","","ALIM. Y BEBIDAS","","JS ","CONSERVAS DE FRUTAS Y DULCES","","",""
